id,referenced_id,turn_strategy
1.3359131307113715e+18,1335892654832320513,['Hostile language']
1.336107858140803e+18,1335916733148913665,['Hostile language']
1.3359613701273805e+18,1335916733148913665,['Denouncing']
1.3359888799214428e+18,1335977737719308294,['Denouncing']
1.3359821165265467e+18,1335977737719308294,['Denouncing']
1.3360554964495647e+18,1335977737719308294,['Hostile language']
1.336048127753638e+18,1335977737719308294,['Hostile language']
1.3360212526458716e+18,1335977737719308294,['Hostile language']
1.336015648758108e+18,1335977737719308294,['Hostile language']
1.3360062777307136e+18,1335977737719308294,"['Denouncing', 'Hostile language']"
1.335999664944894e+18,1335977737719308294,['Hostile language']
1.3359981491193856e+18,1335977737719308294,"['Humor and sarcasm', 'Hostile language']"
1.3359971531735163e+18,1335977737719308294,['Hostile language']
1.3359835555041157e+18,1335977737719308294,['Presenting facts']
1.33598224134486e+18,1335977737719308294,['Humor and sarcasm']
1.3359810781259448e+18,1335977737719308294,['Hostile language']
1.3359788106600202e+18,1335977737719308294,['Hostile language']
1.335978625078874e+18,1335977737719308294,['Humor and sarcasm']
1.3359894128076431e+18,1335988503465738241,"['Humor and sarcasm', 'Hostile language']"
1.335998198431801e+18,1335988503465738241,['Denouncing']
1.3359979883600036e+18,1335988503465738241,['Denouncing']
1.3375861218370803e+18,1336028355985018883,"['Denouncing', 'Hostile language']"
1.3375878755383255e+18,1336028355985018883,['Hostile language']
1.3361501504992174e+18,1336124727723700224,['Humor and sarcasm']
1.3363280057617367e+18,1336317205991055366,['Humor and sarcasm']
1.3366547874677637e+18,1336645971653111811,"['Pointing out hypocrisy or contradiction', 'Humor and sarcasm']"
1.3368196213332337e+18,1336798651042193410,"['Humor and sarcasm', 'Positive tone']"
1.3371372886192579e+18,1336900160790667265,['Humor and sarcasm']
1.336942957660934e+18,1336900160790667265,"['Denouncing', 'Hostile language']"
1.3372451109548237e+18,1337192359994548224,"['Denouncing', 'Counter question']"
1.3372509453070828e+18,1337192499199275008,['Humor and sarcasm']
1.3378820073852805e+18,1337204268286111747,"['Denouncing', 'Hostile language']"
1.337567088936796e+18,1337204268286111747,['Hostile language']
1.3374432796887572e+18,1337204268286111747,['Presenting facts']
1.3373106914394644e+18,1337204268286111747,['Hostile language']
1.337262025295102e+18,1337204268286111747,"['Humor and sarcasm', 'Hostile language']"
1.3372658326662922e+18,1337252310305681413,"['Humor and sarcasm', 'Hostile language']"
1.3373406012017828e+18,1337282528818892801,['Denouncing']
1.3372858809863946e+18,1337282528818892801,"['Pointing out hypocrisy or contradiction', 'Hostile language']"
1.3373486273254807e+18,1337282528818892801,['Denouncing']
1.3372983163301435e+18,1337282528818892801,['Denouncing']
1.3373611713898373e+18,1337308068816809991,['Denouncing']
1.3373603643008655e+18,1337308068816809991,['Denouncing']
1.3373253939096084e+18,1337308068816809991,['Denouncing']
1.3373122357404099e+18,1337308068816809991,['Denouncing']
1.3374881029532836e+18,1337453007366213632,['Hostile language']
1.3378271091511214e+18,1337774237927559173,['Hostile language']
1.3386205291509965e+18,1337812998891712513,['Presenting facts']
1.3382536799384576e+18,1337812998891712513,['Hostile language']
1.341083997145854e+18,1338348357052456960,['Hostile language']
1.3410034557045391e+18,1338348357052456960,['Presenting facts']
1.3386758396725699e+18,1338516090922573824,"['Denouncing', 'Hostile language']"
1.3461086254970593e+18,1345975338766118913,['Hostile language']
1.346299741395673e+18,1346298592735227904,['Warning of consequences']
1.3462989716444324e+18,1346298592735227904,['Hostile language']
1.3464727294410506e+18,1346364688041349121,['Humor and sarcasm']
1.3466038837709865e+18,1346494545375195140,['Hostile language']
1.3470443945584353e+18,1347001998315454465,['Pointing out hypocrisy or contradiction']
1.347983333331001e+18,1347981445734621185,['Hostile language']
1.3486352681614907e+18,1348505566491115520,['Hostile language']
1.348548154564612e+18,1348505566491115520,"['Humor and sarcasm', 'Hostile language']"
1.348855012483588e+18,1348763755832889351,"['Denouncing', 'Humor and sarcasm']"
1.348900601262973e+18,1348838240690827264,"['Pointing out hypocrisy or contradiction', 'Hostile language']"
1.3490363366996992e+18,1348895662901891072,['Hostile language']
1.3503056383127183e+18,1350053112439070720,['Hostile language']
1.3501887165061775e+18,1350053112439070720,['Humor and sarcasm']
1.3501255063021322e+18,1350053112439070720,['Humor and sarcasm']
1.3514949329057956e+18,1351159469057712130,['Hostile language']
1.351328242037244e+18,1351159469057712130,"['Humor and sarcasm', 'Hostile language']"
1.35126878347051e+18,1351159469057712130,['Hostile language']
1.351215007019774e+18,1351159469057712130,['Denouncing']
1.351213145742844e+18,1351159469057712130,['Humor and sarcasm']
1.351207446526759e+18,1351159469057712130,"['Pointing out hypocrisy or contradiction', 'Humor and sarcasm']"
1.3511740644219535e+18,1351159469057712130,['Hostile language']
1.3511644227740099e+18,1351159469057712130,['Hostile language']
1.3517392881914552e+18,1351592959456780289,['Hostile language']
1.352725847111737e+18,1352710351066865665,['Humor and sarcasm']
1.354562937000579e+18,1354429708650295300,['Hostile language']
1.3544444801334272e+18,1354429708650295300,['Presenting facts']
1.3548434527441633e+18,1354429708650295300,['Presenting facts']
1.3547373005849354e+18,1354429708650295300,"['Affiliation', 'Positive tone']"
1.3547124567325696e+18,1354429708650295300,['Hostile language']
1.3547111294324695e+18,1354429708650295300,"['Presenting facts', 'Affiliation']"
1.3547093621162762e+18,1354429708650295300,['Hostile language']
1.3545875911155016e+18,1354429708650295300,['Presenting facts']
1.354575818840748e+18,1354429708650295300,"['Presenting facts', 'Affiliation']"
1.3545699327600804e+18,1354429708650295300,['Humor and sarcasm']
1.354521711169962e+18,1354429708650295300,['Presenting facts']
1.3544999385379185e+18,1354429708650295300,"['Presenting facts', 'Affiliation']"
1.3553544814797903e+18,1355220416097259520,['Presenting facts']
1.3557881182811054e+18,1355780620346122240,"['Denouncing', 'Hostile language']"
1.3593532046061322e+18,1358559954156806145,['Denouncing']
1.3591522938751795e+18,1358559954156806145,['Denouncing']
1.4150454090142638e+18,1359150260732403712,['Presenting facts']
1.35940232457413e+18,1359150260732403712,['Presenting facts']
1.3591569849022792e+18,1359150260732403712,"['Denouncing', 'Hostile language']"
1.359402529528836e+18,1359179830902870026,['Hostile language']
1.359215622744326e+18,1359179830902870026,['Presenting facts']
1.3596635063883817e+18,1359537630325661705,['Hostile language']
1.359831557717e+18,1359549158575796228,['Denouncing']
1.361880516778074e+18,1361606004169797632,['Presenting facts']
1.3625587833109955e+18,1361807126964928512,['Presenting facts']
1.433417103290376e+18,1361924775224872961,['Denouncing']
1.3699346527948677e+18,1362258809473785859,"['Presenting facts', 'Hostile language']"
1.4007860343346176e+18,1362441227967352840,['Presenting facts']
1.3635915977247334e+18,1363578460300533763,['Humor and sarcasm']
1.3707065187111363e+18,1363883682667372548,['Presenting facts']
1.3643413284196352e+18,1364250854132502528,['Humor and sarcasm']
1.3645444920077517e+18,1364513935362252805,['Denouncing']
1.3650360445513933e+18,1364847902376538113,['Hostile language']
1.3650402812933857e+18,1364914012849373188,['Denouncing']
1.3657407431685652e+18,1364914012849373188,['Hostile language']
1.3652991531993702e+18,1365029779695575040,['Denouncing']
1.3650740069955663e+18,1365029779695575040,['Presenting facts']
1.3650454380012787e+18,1365029779695575040,['Denouncing']
1.365042846382895e+18,1365029779695575040,['Denouncing']
1.3724833784742707e+18,1372414323017052161,['Humor and sarcasm']
1.375007437305086e+18,1373244095888465921,['Presenting facts']
1.37483541656261e+18,1374829866244259841,['Presenting facts']
1.3753838861008896e+18,1375372673946112007,"['Humor and sarcasm', 'Hostile language']"
1.375383175367688e+18,1375372673946112007,['Hostile language']
1.3771519829101404e+18,1376335446729502722,['Presenting facts']
1.3765449900173763e+18,1376534635618963459,['Presenting facts']
1.3767658196699914e+18,1376534635618963459,['Presenting facts']
1.3766701207103895e+18,1376548317354549253,['Presenting facts']
1.376583997879386e+18,1376548317354549253,['Presenting facts']
1.376805162795237e+18,1376805161478234117,['Hostile language']
1.3776955048139323e+18,1377325591456796672,['Pointing out hypocrisy or contradiction']
1.377692249157329e+18,1377325591456796672,['Hostile language']
1.3774542906258186e+18,1377325591456796672,"['Humor and sarcasm', 'Hostile language']"
1.3773683301059338e+18,1377325591456796672,['Hostile language']
1.3773284888483676e+18,1377325591456796672,"['Denouncing', 'Presenting facts']"
1.3774425496951808e+18,1377327656585281542,['Humor and sarcasm']
1.377333993360613e+18,1377327656585281542,['Presenting facts']
1.388372038134403e+18,1388286582147403781,['Pointing out hypocrisy or contradiction']
1.388298868102779e+18,1388286582147403781,['Presenting facts']
1.3885839966915174e+18,1388514230773633024,['Hostile language']
1.3885198021011907e+18,1388514230773633024,['Denouncing']
1.3920161255133263e+18,1388621779250393096,"['Humor and sarcasm', 'Hostile language']"
1.3886392199086367e+18,1388621779250393096,['Presenting facts']
1.389357611020075e+18,1389323040782262272,['Hostile language']
1.389360793347453e+18,1389323040782262272,['Hostile language']
1.389359272006402e+18,1389323040782262272,['Hostile language']
1.3893241795649495e+18,1389323835569225737,"['Denouncing', 'Humor and sarcasm']"
1.3893240443155003e+18,1389323835569225737,['Presenting facts']
1.389506581507752e+18,1389332672678354946,['Humor and sarcasm']
1.3893812598356255e+18,1389332672678354946,['Positive tone']
1.3893368981165916e+18,1389336266827698177,"['Denouncing', 'Hostile language']"
1.3894495946402488e+18,1389347520317333506,"['Denouncing', 'Humor and sarcasm']"
1.3893594901102671e+18,1389357435442315265,['Hostile language']
1.3893649213522084e+18,1389359991308570628,['Humor and sarcasm']
1.3893974886003384e+18,1389397214993211395,"['Humor and sarcasm', 'Hostile language']"
1.3894247100359434e+18,1389401143265144844,['Humor and sarcasm']
1.389818385643577e+18,1389693038151282695,['Presenting facts']
1.3921495969027643e+18,1392146212963422208,['Presenting facts']
1.392403162083074e+18,1392201245633490944,['Humor and sarcasm']
1.3924016796398835e+18,1392201245633490944,['Hostile language']
1.3924088193393377e+18,1392201245633490944,['Humor and sarcasm']
1.392407039222104e+18,1392201245633490944,['Counter question']
1.3924024166502932e+18,1392201245633490944,"['Denouncing', 'Presenting facts']"
1.3922775424391987e+18,1392201245633490944,['Presenting facts']
1.3922458920534095e+18,1392201245633490944,['Denouncing']
1.3922392036861297e+18,1392201245633490944,['Pointing out hypocrisy or contradiction']
1.392237502627451e+18,1392201245633490944,['Denouncing']
1.3922305859769057e+18,1392201245633490944,"['Pointing out hypocrisy or contradiction', 'Humor and sarcasm']"
1.3922900001216553e+18,1392275429570990084,['Humor and sarcasm']
1.3931559005846446e+18,1393069372466421761,"['Denouncing', 'Presenting facts']"
1.3956722852526203e+18,1395666661831753728,"['Denouncing', 'Pointing out hypocrisy or contradiction']"
1.399697625574789e+18,1399695681250631686,['Presenting facts']
1.3998411769377628e+18,1399823185017774089,['Presenting facts']
1.3998403678858363e+18,1399823185017774089,['Presenting facts']
1.3998538041121997e+18,1399846255006715904,['Denouncing']
1.4007313175961969e+18,1400726266681069571,"['Denouncing', 'Pointing out hypocrisy or contradiction']"
1.4010361957699827e+18,1400726266681069571,"['Denouncing', 'Presenting facts']"
1.4009809359993774e+18,1400971805305753604,"['Denouncing', 'Presenting facts']"
1.4010162754558116e+18,1400971805305753604,['Hostile language']
1.4085673068845752e+18,1408432018686361601,"['Denouncing', 'Hostile language']"
1.4085103234690007e+18,1408432018686361601,"['Denouncing', 'Humor and sarcasm']"
1.4084606316704113e+18,1408432018686361601,['Hostile language']
1.4087867085445038e+18,1408432018686361601,['Hostile language']
1.4086017012638556e+18,1408432018686361601,['Denouncing']
1.4085874838187745e+18,1408432018686361601,['Hostile language']
1.408569950114136e+18,1408432018686361601,['Presenting facts']
1.4085239709247567e+18,1408432018686361601,"['Pointing out hypocrisy or contradiction', 'Humor and sarcasm']"
1.408486579723776e+18,1408432018686361601,['Affiliation']
1.4084777768736768e+18,1408432018686361601,['Hostile language']
1.408477120674689e+18,1408432018686361601,['Denouncing']
1.408435461450838e+18,1408432018686361601,['Hostile language']
1.4111713604166656e+18,1410951988368613382,['Presenting facts']
1.41106089119019e+18,1410951988368613382,['Presenting facts']
1.411039430123602e+18,1410951988368613382,['Denouncing']
1.4109955155175424e+18,1410951988368613382,"['Denouncing', 'Presenting facts']"
1.4144657622244431e+18,1410999263916707843,['Hostile language']
1.4110886472359854e+18,1411084666153603078,['Presenting facts']
1.3457816284597412e+18,1345713347371687936,['Denouncing']
1.345756544823128e+18,1345756190572240898,['Hostile language']
1.3458639735230915e+18,1345855358355574788,['Humor and sarcasm']
1.3367088640335667e+18,1336114141233250304,['Hostile language']
1.3374195387496653e+18,1336131969659203584,['Denouncing']
1.3379798273752556e+18,1336247761612677125,['Presenting facts']
1.3365033501337313e+18,1336341697433915392,['Hostile language']
1.3364839335468933e+18,1336341697433915392,['Denouncing']
1.3369218719425536e+18,1336920548807471104,['Hostile language']
1.3370290193222124e+18,1337007892470394881,['Denouncing']
1.3370251678941307e+18,1337007892470394881,['Denouncing']
1.3370273467386634e+18,1337007892470394881,"['Denouncing', 'Presenting facts']"
1.337041760048935e+18,1337007892470394881,['Denouncing']
1.337050734282629e+18,1337007892470394881,['Denouncing']
1.33740411572344e+18,1337007892470394881,['Pointing out hypocrisy or contradiction']
1.3370224889754378e+18,1337007892470394881,"['Pointing out hypocrisy or contradiction', 'Humor and sarcasm']"
1.3370209354094592e+18,1337007892470394881,['Denouncing']
1.337019391330939e+18,1337007892470394881,['Denouncing']
1.3370192082411233e+18,1337007892470394881,['Humor and sarcasm']
1.3370182289467187e+18,1337007892470394881,"['Denouncing', 'Counter question']"
1.3370514853985608e+18,1337007892470394881,['Denouncing']
1.3373476626354708e+18,1337007892470394881,['Presenting facts']
1.337261432501629e+18,1337007892470394881,"['Presenting facts', 'Humor and sarcasm']"
1.3370250044421038e+18,1337007892470394881,"['Humor and sarcasm', 'Hostile language']"
1.3370198959098552e+18,1337007892470394881,['Denouncing']
1.3370283882808197e+18,1337007892470394881,['Pointing out hypocrisy or contradiction']
1.3370599440346767e+18,1337007892470394881,"['Denouncing', 'Presenting facts']"
1.3373015325980385e+18,1337007892470394881,['Denouncing']
1.3372517749363302e+18,1337007892470394881,['Denouncing']
1.3370554617287188e+18,1337007892470394881,['Denouncing']
1.3371599968371384e+18,1337007892470394881,['Denouncing']
1.337148096480997e+18,1337007892470394881,['Humor and sarcasm']
1.337141527706022e+18,1337007892470394881,"['Denouncing', 'Pointing out hypocrisy or contradiction']"
1.3371372281165292e+18,1337007892470394881,"['Denouncing', 'Pointing out hypocrisy or contradiction']"
1.3371195062217073e+18,1337007892470394881,['Denouncing']
1.3371098251221606e+18,1337007892470394881,"['Pointing out hypocrisy or contradiction', 'Presenting facts']"
1.337079827833217e+18,1337007892470394881,['Hostile language']
1.3370989771336783e+18,1337007892470394881,['Denouncing']
1.3370705217380147e+18,1337007892470394881,['Denouncing']
1.3370795884349317e+18,1337007892470394881,['Denouncing']
1.3370662412032983e+18,1337007892470394881,['Hostile language']
1.3370809994449633e+18,1337007892470394881,['Counter question']
1.3370855059686807e+18,1337007892470394881,['Denouncing']
1.3370881807015813e+18,1337007892470394881,"['Denouncing', 'Pointing out hypocrisy or contradiction']"
1.3371056886911508e+18,1337007892470394881,['Denouncing']
1.338102653679784e+18,1337007892470394881,"['Pointing out hypocrisy or contradiction', 'Hostile language']"
1.3374659961735782e+18,1337007892470394881,['Hostile language']
1.3370819422699438e+18,1337007892470394881,"['Humor and sarcasm', 'Hostile language']"
1.337265343102849e+18,1337007892470394881,"['Humor and sarcasm', 'Hostile language']"
1.3370195609653985e+18,1337007892470394881,['Presenting facts']
1.3370350687039567e+18,1337007892470394881,"['Denouncing', 'Hostile language']"
1.3371230674584166e+18,1337007892470394881,['Hostile language']
1.3370648821858427e+18,1337007892470394881,['Denouncing']
1.3373075326168433e+18,1337032226647797762,['Denouncing']
1.3373005232009503e+18,1337032226647797762,['Presenting facts']
1.3370395943789486e+18,1337032226647797762,['Humor and sarcasm']
1.3372802213519155e+18,1337032226647797762,"['Humor and sarcasm', 'Affiliation']"
1.337035016111526e+18,1337032226647797762,"['Denouncing', 'Humor and sarcasm']"
1.3398798945373512e+18,1337063938639409153,['Presenting facts']
1.3371346875050148e+18,1337063938639409153,"['Denouncing', 'Affiliation']"
1.337133165731836e+18,1337063938639409153,['Denouncing']
1.3370684464383468e+18,1337063938639409153,['Denouncing']
1.3372725169983567e+18,1337063938639409153,['Denouncing']
1.337096084351496e+18,1337063938639409153,['Hostile language']
1.3374938375356987e+18,1337063938639409153,['Presenting facts']
1.3372531560115855e+18,1337063938639409153,['Denouncing']
1.3371200025840394e+18,1337063938639409153,"['Denouncing', 'Presenting facts']"
1.3371142717345175e+18,1337063938639409153,"['Denouncing', 'Presenting facts']"
1.3371745903013683e+18,1337063938639409153,['Denouncing']
1.3373435326931187e+18,1337063938639409153,['Denouncing']
1.337108111459557e+18,1337063938639409153,"['Hostile language', 'Affiliation']"
1.3371091949992755e+18,1337063938639409153,"['Pointing out hypocrisy or contradiction', 'Counter question']"
1.3371172051257958e+18,1337063938639409153,"['Denouncing', 'Hostile language']"
1.3370696930526126e+18,1337063938639409153,['Denouncing']
1.337254939400282e+18,1337063938639409153,"['Denouncing', 'Humor and sarcasm']"
1.337077682870358e+18,1337063938639409153,"['Denouncing', 'Hostile language']"
1.3372576027665285e+18,1337063938639409153,['Humor and sarcasm']
1.3371309235240387e+18,1337063938639409153,"['Denouncing', 'Humor and sarcasm']"
1.3375062123892613e+18,1337063938639409153,['Presenting facts']
1.337091445719769e+18,1337063938639409153,['Denouncing']
1.337068090354438e+18,1337063938639409153,['Presenting facts']
1.3371057430828933e+18,1337063938639409153,['Denouncing']
1.3372433943478515e+18,1337063938639409153,['Denouncing']
1.3380431825259028e+18,1337063938639409153,['Denouncing']
1.337725021502976e+18,1337063938639409153,['Denouncing']
1.33715375070899e+18,1337063938639409153,['Denouncing']
1.3370856736779835e+18,1337063938639409153,"['Pointing out hypocrisy or contradiction', 'Presenting facts']"
1.3374191101714964e+18,1337063938639409153,['Denouncing']
1.3373955115156357e+18,1337063938639409153,['Presenting facts']
1.3372786541502915e+18,1337063938639409153,"['Denouncing', 'Pointing out hypocrisy or contradiction']"
1.337362941088174e+18,1337063938639409153,"['Presenting facts', 'Humor and sarcasm']"
1.3371098202945083e+18,1337063938639409153,['Denouncing']
1.3370907230537605e+18,1337063938639409153,['Denouncing']
1.3370781838170604e+18,1337063938639409153,['Hostile language']
1.3370935980226028e+18,1337063938639409153,"['Denouncing', 'Hostile language']"
1.337267458013618e+18,1337063938639409153,['Denouncing']
1.337256009304322e+18,1337063938639409153,['Denouncing']
1.3370768399242404e+18,1337063938639409153,['Hostile language']
1.3371220941240443e+18,1337063938639409153,['Hostile language']
1.3373204343799726e+18,1337063938639409153,['Hostile language']
1.3371125503166505e+18,1337063938639409153,['Hostile language']
1.3372766910439875e+18,1337063938639409153,['Denouncing']
1.3372892534123356e+18,1337063938639409153,"['Denouncing', 'Hostile language']"
1.3372344917279007e+18,1337063938639409153,['Denouncing']
1.337116059107799e+18,1337063938639409153,['Denouncing']
1.3371086502388613e+18,1337063938639409153,['Hostile language']
1.3371077839263744e+18,1337063938639409153,['Denouncing']
1.3373268149774623e+18,1337063938639409153,"['Denouncing', 'Pointing out hypocrisy or contradiction']"
1.3370804185547448e+18,1337063938639409153,"['Denouncing', 'Pointing out hypocrisy or contradiction']"
1.337143300353106e+18,1337063938639409153,"['Denouncing', 'Presenting facts']"
1.3371478116626186e+18,1337063938639409153,['Denouncing']
1.337256676680999e+18,1337063938639409153,['Denouncing']
1.3372446946953052e+18,1337063938639409153,['Denouncing']
1.3372373734118564e+18,1337063938639409153,['Denouncing']
1.3372362066068357e+18,1337063938639409153,['Denouncing']
1.3372208737706353e+18,1337063938639409153,"['Denouncing', 'Humor and sarcasm']"
1.3372071675066737e+18,1337063938639409153,"['Pointing out hypocrisy or contradiction', 'Presenting facts']"
1.337206950682108e+18,1337063938639409153,"['Denouncing', 'Presenting facts']"
1.3372011714638602e+18,1337063938639409153,['Presenting facts']
1.3371117281701478e+18,1337063938639409153,"['Denouncing', 'Pointing out hypocrisy or contradiction']"
1.3370822044306675e+18,1337063938639409153,"['Denouncing', 'Hostile language']"
1.3370883544757166e+18,1337063938639409153,['Denouncing']
1.3370884885508833e+18,1337063938639409153,['Denouncing']
1.3370885816015503e+18,1337063938639409153,['Denouncing']
1.3371012891808522e+18,1337063938639409153,"['Pointing out hypocrisy or contradiction', 'Presenting facts']"
1.3371014692213432e+18,1337063938639409153,"['Denouncing', 'Hostile language']"
1.337101539031343e+18,1337063938639409153,['Denouncing']
1.3370768947983852e+18,1337063938639409153,['Presenting facts']
1.3371144772428308e+18,1337063938639409153,"['Denouncing', 'Presenting facts']"
1.3371099608749793e+18,1337063938639409153,['Denouncing']
1.3371057491813947e+18,1337063938639409153,['Hostile language']
1.3370690763556247e+18,1337063938639409153,['Denouncing']
1.3370709860306903e+18,1337063938639409153,['Denouncing']
1.3370753023553083e+18,1337063938639409153,"['Pointing out hypocrisy or contradiction', 'Presenting facts']"
1.3370733562108355e+18,1337063938639409153,['Denouncing']
1.3374115637377802e+18,1337063941005062144,['Hostile language']
1.337086601059557e+18,1337063941005062144,['Denouncing']
1.3370829597073777e+18,1337063941005062144,['Presenting facts']
1.3370667048500675e+18,1337063941005062144,['Humor and sarcasm']
1.3370800211822428e+18,1337063941005062144,['Pointing out hypocrisy or contradiction']
1.337070861145297e+18,1337063941005062144,"['Presenting facts', 'Hostile language']"
1.3370682146065859e+18,1337063941005062144,['Presenting facts']
1.3370668105590497e+18,1337063941005062144,['Presenting facts']
1.3371334963101164e+18,1337063941005062144,"['Presenting facts', 'Hostile language']"
1.3370689951078195e+18,1337063941005062144,"['Pointing out hypocrisy or contradiction', 'Presenting facts']"
1.3370664392206213e+18,1337063941005062144,['Presenting facts']
1.337066710189437e+18,1337063941005062144,['Denouncing']
1.337405079008256e+18,1337063941005062144,['Denouncing']
1.337290476152615e+18,1337063941005062144,['Denouncing']
1.3371270637241016e+18,1337063941005062144,"['Denouncing', 'Humor and sarcasm']"
1.3370668756085924e+18,1337063941005062144,"['Denouncing', 'Pointing out hypocrisy or contradiction']"
1.33706558072628e+18,1337063941005062144,"['Pointing out hypocrisy or contradiction', 'Presenting facts']"
1.3371243272050688e+18,1337063941005062144,['Denouncing']
1.3371023204637327e+18,1337063941005062144,"['Denouncing', 'Hostile language']"
1.3371125751468564e+18,1337063941005062144,"['Denouncing', 'Presenting facts']"
1.3370852904066826e+18,1337063941005062144,['Presenting facts']
1.337064640493318e+18,1337063941005062144,['Denouncing']
1.337084785857081e+18,1337063941005062144,"['Denouncing', 'Presenting facts']"
1.337073034742657e+18,1337063941005062144,['Denouncing']
1.3370696866856223e+18,1337063941005062144,['Denouncing']
1.3370666093038264e+18,1337063941005062144,['Denouncing']
1.3371728129691525e+18,1337085418773295109,['Denouncing']
1.3371706777748234e+18,1337085418773295109,['Presenting facts']
1.3371151547529544e+18,1337090218923446272,"['Pointing out hypocrisy or contradiction', 'Presenting facts']"
1.337094347796271e+18,1337090218923446272,['Presenting facts']
1.340054310776922e+18,1337090218923446272,['Denouncing']
1.3370916094947533e+18,1337090218923446272,"['Denouncing', 'Humor and sarcasm']"
1.3370971899112653e+18,1337090218923446272,['Hostile language']
1.3377735066170737e+18,1337693676127006723,"['Denouncing', 'Presenting facts']"
1.3377316741557084e+18,1337693676127006723,"['Denouncing', 'Pointing out hypocrisy or contradiction']"
1.3379986500736164e+18,1337743525618790400,"['Denouncing', 'Hostile language']"
1.3377459341306798e+18,1337743525618790400,['Hostile language']
1.3377443517498327e+18,1337743525618790400,['Presenting facts']
1.3379343179897935e+18,1337743525618790400,['Denouncing']
1.3377464089889423e+18,1337743525618790400,"['Denouncing', 'Pointing out hypocrisy or contradiction']"
1.3383089812452844e+18,1337743525618790400,['Denouncing']
1.337747146532012e+18,1337743525618790400,"['Denouncing', 'Pointing out hypocrisy or contradiction']"
1.337753417377337e+18,1337743525618790400,"['Humor and sarcasm', 'Hostile language']"
1.3377559474947315e+18,1337743525618790400,['Hostile language']
1.3378623054140785e+18,1337743525618790400,['Hostile language']
1.338114171091632e+18,1337743525618790400,['Denouncing']
1.337795530789798e+18,1337743525618790400,['Hostile language']
1.3377907481215836e+18,1337743525618790400,['Affiliation']
1.3377484573107036e+18,1337743525618790400,['Hostile language']
1.3377457511123722e+18,1337743525618790400,['Denouncing']
1.3377487226467205e+18,1337743525618790400,['Denouncing']
1.337818778478973e+18,1337743525618790400,"['Pointing out hypocrisy or contradiction', 'Presenting facts']"
1.337808736514093e+18,1337743525618790400,"['Presenting facts', 'Positive tone']"
1.337794849358164e+18,1337743525618790400,"['Denouncing', 'Humor and sarcasm']"
1.3377944552906547e+18,1337743525618790400,"['Hostile language', 'Affiliation']"
1.3377918100564132e+18,1337743525618790400,"['Humor and sarcasm', 'Hostile language']"
1.3377485052685148e+18,1337743525618790400,['Presenting facts']
1.3377630443870003e+18,1337743525618790400,"['Denouncing', 'Hostile language']"
1.3377910723370762e+18,1337743525618790400,"['Denouncing', 'Presenting facts']"
1.3377629742038423e+18,1337743525618790400,"['Denouncing', 'Warning of consequences']"
1.337749042537902e+18,1337743525618790400,"['Denouncing', 'Humor and sarcasm']"
1.3377496181220803e+18,1337743525618790400,['Humor and sarcasm']
1.337752852651856e+18,1337743525618790400,"['Pointing out hypocrisy or contradiction', 'Humor and sarcasm']"
1.3377791799291658e+18,1337743525618790400,['Presenting facts']
1.3377659063159316e+18,1337743525618790400,['Denouncing']
1.3377718749908746e+18,1337743525618790400,['Humor and sarcasm']
1.337771914828374e+18,1337743525618790400,['Humor and sarcasm']
1.337749090679939e+18,1337743525618790400,['Humor and sarcasm']
1.337751688116056e+18,1337743525618790400,"['Denouncing', 'Presenting facts']"
1.337779045325529e+18,1337779045325529091,['Hostile language']
1.3404182589905551e+18,1337847067331485697,['Hostile language']
1.3378571428130447e+18,1337847067331485697,['Denouncing']
1.3382051127125071e+18,1337847067331485697,['Humor and sarcasm']
1.338006224374096e+18,1337847067331485697,"['Humor and sarcasm', 'Positive tone']"
1.3379647762536366e+18,1337847067331485697,['Hostile language']
1.3382064882552873e+18,1338125817985974275,"['Pointing out hypocrisy or contradiction', 'Counter question']"
1.3382035848785467e+18,1338125817985974275,['Humor and sarcasm']
1.3381304694524764e+18,1338125817985974275,['Humor and sarcasm']
1.338234467421307e+18,1337779045325529091,['Hostile language']
1.3382338536060396e+18,1337779045325529091,"['Humor and sarcasm', 'Hostile language']"
1.3387308889983754e+18,1338265382147170304,['Denouncing']
1.3428121116936397e+18,1342622908468879368,"['Denouncing', 'Humor and sarcasm']"
1.4681298259110953e+18,1342622908468879368,['Humor and sarcasm']
1.3426232523808563e+18,1342622908468879368,['Presenting facts']
1.3426238972592783e+18,1342622908468879368,['Presenting facts']
1.3447357954632827e+18,1344635307916980225,['Hostile language']
1.3459465415219487e+18,1345740087221477378,['Presenting facts']
1.3461362068248904e+18,1346070174210945026,['Presenting facts']
1.3462249509030093e+18,1346223276427776001,['Denouncing']
1.3462325880259338e+18,1346223276427776001,"['Warning of consequences', 'Humor and sarcasm']"
1.3462252458548552e+18,1346223276427776001,"['Pointing out hypocrisy or contradiction', 'Presenting facts']"
1.3465116137933292e+18,1346438310521135107,['Presenting facts']
1.4899946742197207e+18,1346686323004825601,['Presenting facts']
1.470540289848742e+18,1346686323004825601,"['Denouncing', 'Humor and sarcasm']"
1.379355298767503e+18,1346686323004825601,['Hostile language']
1.3486330197462958e+18,1346686323004825601,['Presenting facts']
1.4272788946469396e+18,1346686323004825601,['Presenting facts']
1.426471849114968e+18,1346686323004825601,['Presenting facts']
1.4699325078564577e+18,1346686323004825601,"['Denouncing', 'Presenting facts']"
1.350741099476779e+18,1346686323004825601,['Humor and sarcasm']
1.3512245068792668e+18,1346686323004825601,['Presenting facts']
1.347555237188481e+18,1346686323004825601,['Presenting facts']
1.3476228908337766e+18,1346686323004825601,['Presenting facts']
1.4693768496334927e+18,1346686323004825601,"['Denouncing', 'Hostile language']"
1.3468765464143012e+18,1346686323004825601,['Denouncing']
1.351604449555456e+18,1346686323004825601,['Presenting facts']
1.4659304246523822e+18,1346686323004825601,"['Denouncing', 'Hostile language']"
1.3468695737949716e+18,1346686323004825601,"['Pointing out hypocrisy or contradiction', 'Presenting facts']"
1.346694021184422e+18,1346686323004825601,['Denouncing']
1.3793599029052744e+18,1346686323004825601,['Humor and sarcasm']
1.3472620546427003e+18,1347135875424149504,['Presenting facts']
1.34763098015735e+18,1347135875424149504,['Denouncing']
1.3475645641546097e+18,1347135875424149504,['Hostile language']
1.347444682134073e+18,1347135875424149504,['Denouncing']
1.347200887815598e+18,1347135875424149504,['Hostile language']
1.3472469136161546e+18,1347135875424149504,['Presenting facts']
1.3472452745200394e+18,1347135875424149504,['Presenting facts']
1.3477712941216847e+18,1347529966473388038,"['Pointing out hypocrisy or contradiction', 'Humor and sarcasm']"
1.3476080414332682e+18,1347606937685417986,['Humor and sarcasm']
1.3476778417024778e+18,1347606937685417986,"['Denouncing', 'Presenting facts']"
1.347607287339356e+18,1347606937685417986,['Presenting facts']
1.348001454800466e+18,1347999341407977472,"['Denouncing', 'Pointing out hypocrisy or contradiction']"
1.3479765914947543e+18,1348082701212016642,['Denouncing']
1.3498511509929902e+18,1349692432150130688,['Hostile language']
1.3497759812051886e+18,1349762048419385344,['Counter question']
1.3497628151423383e+18,1349762048419385344,['Presenting facts']
1.3504039456639672e+18,1349987645020114944,['Presenting facts']
1.3503799251198853e+18,1349987645020114944,['Hostile language']
1.3500664630135276e+18,1349987645020114944,"['Pointing out hypocrisy or contradiction', 'Counter question']"
1.35094249831159e+18,1349987645020114944,['Affiliation']
1.3509004871853343e+18,1350898702332928003,"['Denouncing', 'Presenting facts']"
1.3508993207620936e+18,1350898702332928003,"['Pointing out hypocrisy or contradiction', 'Presenting facts']"
1.3518598439094886e+18,1351618808616787968,['Presenting facts']
1.3516203376293315e+18,1351618808616787968,['Denouncing']
1.3518380876310036e+18,1351618808616787968,['Presenting facts']
1.351656334991655e+18,1351618808616787968,['Humor and sarcasm']
1.3598319201091052e+18,1351618808616787968,['Warning of consequences']
1.3517109524593009e+18,1351618808616787968,"['Pointing out hypocrisy or contradiction', 'Humor and sarcasm']"
1.351643441395069e+18,1351618808616787968,"['Denouncing', 'Hostile language']"
1.3516437716796823e+18,1351618808616787968,['Presenting facts']
1.3516200547276677e+18,1351618808616787968,['Hostile language']
1.351621273655382e+18,1351618808616787968,"['Pointing out hypocrisy or contradiction', 'Humor and sarcasm']"
1.3520335664614892e+18,1351618808616787968,['Positive tone']
1.3525870251746017e+18,1352583172001837056,"['Pointing out hypocrisy or contradiction', 'Humor and sarcasm']"
1.3525837359218033e+18,1352583172001837056,['Denouncing']
1.3549268531029524e+18,1354823044942811137,['Presenting facts']
1.3554303085360497e+18,1355207384327741444,['Presenting facts']
1.3561211295518638e+18,1356000171260313607,['Denouncing']
1.3584142449795151e+18,1358377818980298754,['Presenting facts']
1.3585454001777787e+18,1358505844174966785,"['Denouncing', 'Presenting facts']"
1.3585233364021655e+18,1358505844174966785,['Denouncing']
1.35853962252408e+18,1358505844174966785,"['Warning of consequences', 'Pointing out hypocrisy or contradiction']"
1.3585287689110405e+18,1358505844174966785,['Denouncing']
1.361270042327986e+18,1358505844174966785,"['Pointing out hypocrisy or contradiction', 'Humor and sarcasm']"
1.3591439898410227e+18,1358505844174966785,"['Denouncing', 'Humor and sarcasm']"
1.35896558401314e+18,1358505844174966785,"['Pointing out hypocrisy or contradiction', 'Presenting facts']"
1.3587144868031567e+18,1358505844174966785,['Denouncing']
1.3587605984949699e+18,1358505844174966785,['Humor and sarcasm']
1.3585546296892744e+18,1358505844174966785,"['Denouncing', 'Presenting facts']"
1.3592905995900068e+18,1359054681889267713,['Denouncing']
1.3599064365375406e+18,1359881654148431875,"['Warning of consequences', 'Affiliation']"
1.359901989690364e+18,1359881654148431875,['Hostile language']
1.3599410089355756e+18,1359882624647516164,"['Humor and sarcasm', 'Affiliation']"
1.363032993829372e+18,1360472994573737987,['Presenting facts']
1.3614056637636977e+18,1361384571271536646,['Presenting facts']
1.3613849562625595e+18,1361384571271536646,"['Pointing out hypocrisy or contradiction', 'Presenting facts']"
1.361721267427152e+18,1361416983514804225,['Hostile language']
1.3614678890150052e+18,1361416983514804225,['Counter question']
1.3616063627787715e+18,1361416983514804225,"['Denouncing', 'Hostile language']"
1.3614567037583032e+18,1361416983514804225,['Presenting facts']
1.3616940422795796e+18,1361416983514804225,['Presenting facts']
1.3617295317033984e+18,1361416983514804225,['Presenting facts']
1.3616419425814528e+18,1361416983514804225,['Presenting facts']
1.361579629853741e+18,1361416983514804225,"['Denouncing', 'Hostile language']"
1.361580777469866e+18,1361416983514804225,"['Counter question', 'Presenting facts']"
1.3617694989326377e+18,1361416983514804225,"['Affiliation', 'Positive tone']"
1.3617329601274962e+18,1361416983514804225,['Presenting facts']
1.361640186883506e+18,1361416983514804225,"['Warning of consequences', 'Presenting facts']"
1.3616100388764713e+18,1361416983514804225,['Hostile language']
1.361622981395513e+18,1361416983514804225,['Presenting facts']
1.362712981533061e+18,1361416983514804225,['Presenting facts']
1.3617342014191206e+18,1361416983514804225,"['Pointing out hypocrisy or contradiction', 'Counter question']"
1.36150433868698e+18,1361416983514804225,['Denouncing']
1.3616805582675272e+18,1361416983514804225,"['Pointing out hypocrisy or contradiction', 'Presenting facts']"
1.3616359845642363e+18,1361416983514804225,['Presenting facts']
1.361628855010812e+18,1361416983514804225,['Denouncing']
1.3614239895795955e+18,1361416983514804225,['Denouncing']
1.3616139630756823e+18,1361416983514804225,"['Pointing out hypocrisy or contradiction', 'Humor and sarcasm']"
1.3616988922832732e+18,1361416983514804225,"['Counter question', 'Presenting facts']"
1.3615179121928192e+18,1361416983514804225,['Presenting facts']
1.3614883209336136e+18,1361416983514804225,['Hostile language']
1.3614627191620485e+18,1361416983514804225,"['Presenting facts', 'Humor and sarcasm']"
1.3615690060382495e+18,1361416983514804225,['Denouncing']
1.3617118450826035e+18,1361416983514804225,"['Presenting facts', 'Humor and sarcasm']"
1.3615930935570186e+18,1361416983514804225,['Pointing out hypocrisy or contradiction']
1.363129274266497e+18,1362716089755566082,['Presenting facts']
1.3629910228259471e+18,1362716089755566082,"['Humor and sarcasm', 'Hostile language']"
1.3630645935647662e+18,1362716089755566082,['Denouncing']
1.3630367197973873e+18,1362716089755566082,"['Denouncing', 'Hostile language']"
1.362917320411259e+18,1362716089755566082,"['Humor and sarcasm', 'Hostile language']"
1.3632629541714944e+18,1363092777010102277,"['Humor and sarcasm', 'Positive tone']"
1.36324862393335e+18,1363092777010102277,['Pointing out hypocrisy or contradiction']
1.36325205727735e+18,1363092777010102277,['Hostile language']
1.3632761118960187e+18,1363092777010102277,['Hostile language']
1.363369023505916e+18,1363092777010102277,['Counter question']
1.3636130814195835e+18,1363092777010102277,['Hostile language']
1.3632583341330555e+18,1363092777010102277,['Hostile language']
1.3631401498366607e+18,1363092777010102277,['Presenting facts']
1.363247581581742e+18,1363092777010102277,['Denouncing']
1.3634259958863299e+18,1363092777010102277,['Hostile language']
1.363428050289967e+18,1363092777010102277,"['Denouncing', 'Warning of consequences']"
1.3634315505708892e+18,1363092777010102277,['Hostile language']
1.3634782291269059e+18,1363092777010102277,['Hostile language']
1.3634914300486656e+18,1363092777010102277,['Denouncing']
1.363296541486821e+18,1363092777010102277,['Hostile language']
1.3634992522242455e+18,1363092777010102277,['Hostile language']
1.3633961592896266e+18,1363092777010102277,['Hostile language']
1.3635747034121623e+18,1363092777010102277,['Hostile language']
1.3633832614273024e+18,1363092777010102277,['Hostile language']
1.363275666079109e+18,1363092777010102277,['Humor and sarcasm']
1.3632722208527647e+18,1363092777010102277,['Counter question']
1.3632618505746104e+18,1363092777010102277,['Hostile language']
1.3630939570566144e+18,1363092777010102277,"['Counter question', 'Humor and sarcasm']"
1.363247904715141e+18,1363092777010102277,['Humor and sarcasm']
1.3632538589993697e+18,1363092777010102277,"['Denouncing', 'Hostile language']"
1.3632617915564933e+18,1363092777010102277,['Hostile language']
1.363246453746e+18,1363092777010102277,"['Denouncing', 'Pointing out hypocrisy or contradiction']"
1.3632822562494505e+18,1363092777010102277,"['Denouncing', 'Hostile language']"
1.363258912451883e+18,1363092777010102277,['Hostile language']
1.3632593875827753e+18,1363092777010102277,['Hostile language']
1.363261350269526e+18,1363092777010102277,['Denouncing']
1.3632759128301937e+18,1363092777010102277,['Hostile language']
1.3632774333324657e+18,1363092777010102277,['Counter question']
1.3632425648459855e+18,1363092777010102277,['Positive tone']
1.363196797955498e+18,1363092777010102277,['Presenting facts']
1.3631385499949752e+18,1363092777010102277,['Hostile language']
1.3631151235152896e+18,1363092777010102277,"['Denouncing', 'Presenting facts']"
1.3632481083695473e+18,1363092777010102277,['Denouncing']
1.3632487953126643e+18,1363092777010102277,['Hostile language']
1.3632500516157809e+18,1363092777010102277,['Hostile language']
1.3632509274702152e+18,1363092777010102277,['Presenting facts']
1.3632433639490232e+18,1363241351962370054,['Presenting facts']
1.366060179603804e+18,1364037071879499777,['Presenting facts']
1.3641000368883835e+18,1364037071879499777,['Denouncing']
1.364102525180207e+18,1364037071879499777,"['Pointing out hypocrisy or contradiction', 'Presenting facts']"
1.364149295189e+18,1364037071879499777,['Pointing out hypocrisy or contradiction']
1.3655598672101048e+18,1364037071879499777,['Presenting facts']
1.4174672415121367e+18,1364037071879499777,['Presenting facts']
1.3640599009265664e+18,1364037071879499777,['Hostile language']
1.3640454892979732e+18,1364044817701953538,['Pointing out hypocrisy or contradiction']
1.3642429136732856e+18,1364240121420259330,"['Counter question', 'Presenting facts']"
1.3654034381133207e+18,1364240121420259330,"['Denouncing', 'Hostile language']"
1.3642478977060168e+18,1364240121420259330,"['Warning of consequences', 'Pointing out hypocrisy or contradiction']"
1.3642404833215775e+18,1364240121420259330,['Presenting facts']
1.3642481525099927e+18,1364240121420259330,"['Denouncing', 'Hostile language']"
1.3654112657667113e+18,1365105272855781381,['Humor and sarcasm']
1.3653356095820964e+18,1365105272855781381,['Presenting facts']
1.3651619117430863e+18,1365105272855781381,"['Denouncing', 'Pointing out hypocrisy or contradiction']"
1.365153953537745e+18,1365105272855781381,['Presenting facts']
1.365121799932027e+18,1365105272855781381,['Presenting facts']
1.3652990504431206e+18,1365105272855781381,"['Humor and sarcasm', 'Hostile language']"
1.3652804087289815e+18,1365278818731139075,"['Humor and sarcasm', 'Affiliation']"
1.365280465297551e+18,1365278818731139075,['Pointing out hypocrisy or contradiction']
1.36548e+18,1365437462554628097,"['Denouncing', 'Warning of consequences']"
1.365438090702164e+18,1365437462554628097,['Denouncing']
1.3657258920063263e+18,1365713128470814724,['Hostile language']
1.3660088721006264e+18,1366008053494132737,['None detected']
1.3660719936493527e+18,1366035988980580353,"['Denouncing', 'Pointing out hypocrisy or contradiction']"
1.366123958878294e+18,1366035988980580353,"['Denouncing', 'Humor and sarcasm']"
1.3660590282463311e+18,1366035988980580353,['Hostile language']
1.366036782966395e+18,1366035988980580353,['Hostile language']
1.3660372285904077e+18,1366035988980580353,['Denouncing']
1.366158930813018e+18,1366035988980580353,"['Denouncing', 'Hostile language']"
1.371856688643506e+18,1371529752843071495,"['Humor and sarcasm', 'Positive tone']"
1.3715325923155187e+18,1371529752843071495,['Denouncing']
1.3715309497337935e+18,1371529752843071495,['Presenting facts']
1.3715312350094415e+18,1371529752843071495,['Presenting facts']
1.371532915063013e+18,1371529752843071495,['Presenting facts']
1.3718528988046295e+18,1371529752843071495,['Hostile language']
1.3716362662451364e+18,1371529752843071495,"['Presenting facts', 'Affiliation']"
1.3724926737606533e+18,1371529752843071495,"['Denouncing', 'Hostile language']"
1.3715400347430748e+18,1371529752843071495,['Presenting facts']
1.371551106531164e+18,1371529752843071495,['Presenting facts']
1.371543230823592e+18,1371529752843071495,"['Humor and sarcasm', 'Affiliation']"
1.371836507250647e+18,1371747591352946689,['Positive tone']
1.3718012080553e+18,1371747591352946689,['Affiliation']
1.371784562448208e+18,1371747591352946689,['Hostile language']
1.3717510137917112e+18,1371747591352946689,['Hostile language']
1.3719679738800456e+18,1371914111320219660,['Humor and sarcasm']
1.372221420751708e+18,1372084380915601409,"['Humor and sarcasm', 'Hostile language']"
1.372277906840318e+18,1372270925983399940,['Presenting facts']
1.3726985773073285e+18,1372555895524229122,"['Warning of consequences', 'Positive tone']"
1.48729496441344e+18,1372955472165277696,['Presenting facts']
1.4237219492393902e+18,1372955472165277696,['Denouncing']
1.4106618028918784e+18,1372955472165277696,['Presenting facts']
1.373280330929541e+18,1373234271201206274,"['Humor and sarcasm', 'Presenting facts']"
1.3733100632014152e+18,1373234271201206274,['Humor and sarcasm']
1.3734275157341263e+18,1373336172655689733,['Denouncing']
1.373636392455172e+18,1373365323383119875,['Affiliation']
1.373502300803584e+18,1373448547803176963,"['Pointing out hypocrisy or contradiction', 'Humor and sarcasm']"
1.374245945852973e+18,1373467854729846788,"['Pointing out hypocrisy or contradiction', 'Hostile language']"
1.3744878606366474e+18,1373804907455729670,['Presenting facts']
1.3745283393361756e+18,1374528023202992135,['Humor and sarcasm']
1.3748182016625907e+18,1374556326504894465,['Denouncing']
1.376009657249112e+18,1375085164192206855,"['Humor and sarcasm', 'Hostile language']"
1.3757910579721257e+18,1375194113524428800,['Presenting facts']
1.375334551321518e+18,1375194113524428800,['Hostile language']
1.3760680851787244e+18,1372614690845696000,['Denouncing']
1.386624817357484e+18,1386488205529141248,['Pointing out hypocrisy or contradiction']
1.3866847773618094e+18,1386488205529141248,['Presenting facts']
1.386553279761453e+18,1386488205529141248,['Denouncing']
1.3865500864784015e+18,1386488205529141248,['Denouncing']
1.3871311689323028e+18,1387069054951870464,['Presenting facts']
1.3872560992254976e+18,1387069054951870464,"['Denouncing', 'Humor and sarcasm']"
1.3873898467889684e+18,1387388816294440960,['Presenting facts']
1.3877950276241859e+18,1387443647222796295,['None detected']
1.387802895916077e+18,1387721638268002304,['Denouncing']
1.3878016217579315e+18,1387726899883937792,['Denouncing']
1.3883418216134328e+18,1388104415345876993,['Denouncing']
1.3887475057524283e+18,1388742870614544384,"['Denouncing', 'Presenting facts']"
1.388744248238002e+18,1388742870614544384,"['Denouncing', 'Humor and sarcasm']"
1.3896749081800008e+18,1389674119164215303,['Hostile language']
1.3896747680734372e+18,1389674119164215303,['Counter question']
1.3915333167346524e+18,1391500426160353280,['Pointing out hypocrisy or contradiction']
1.3937867039286477e+18,1391500426160353280,['Hostile language']
1.3915095572103247e+18,1391500426160353280,['Presenting facts']
1.3916998515372237e+18,1391500426160353280,['Presenting facts']
1.3945788353126236e+18,1394487723340099585,['Denouncing']
1.3945532526208243e+18,1394487723340099585,['Presenting facts']
1.3945208186678436e+18,1394487723340099585,"['Pointing out hypocrisy or contradiction', 'Presenting facts']"
1.395037927168635e+18,1395036936218284035,['Humor and sarcasm']
1.3973753481283748e+18,1395959987726274561,['Hostile language']
1.400422080873648e+18,1400227703165534215,"['Humor and sarcasm', 'Hostile language']"
1.4008812947672307e+18,1400233598805020676,['Denouncing']
1.4004691125481715e+18,1400233598805020676,['Presenting facts']
1.400275009780781e+18,1400233598805020676,"['Denouncing', 'Humor and sarcasm']"
1.4002965086925128e+18,1400233598805020676,['Denouncing']
1.4578234704068813e+18,1400480771102629889,['Presenting facts']
1.4025251802457088e+18,1402517058840039426,"['Denouncing', 'Hostile language']"
1.407739413141074e+18,1407738728643182597,"['Denouncing', 'Hostile language']"
1.409754310649467e+18,1409655119189139459,"['Denouncing', 'Positive tone']"
1.409656615792386e+18,1409655119189139459,['Hostile language']
1.4104721539133358e+18,1410252571986513930,['Presenting facts']
1.4107092118566093e+18,1410707651114246146,['Humor and sarcasm']
1.4107090894080164e+18,1410707651114246146,"['Humor and sarcasm', 'Presenting facts']"
1.4120976943450726e+18,1411738605350002688,['Hostile language']
1.4118194588601385e+18,1411738605350002688,['Presenting facts']
1.412125519756206e+18,1412091684243050497,['Counter question']
1.412395423289987e+18,1412379435161034754,['Presenting facts']
1.3359271229516104e+18,1335921498259939332,['Presenting facts']
1.3360376992418488e+18,1335977737719308294,['Denouncing']
1.3359840741173084e+18,1335977737719308294,['Hostile language']
1.3359779423468216e+18,1335977737719308294,"['Humor and sarcasm', 'Hostile language']"
1.3359885034657382e+18,1335988503465738241,['Hostile language']
1.3365247176253153e+18,1336471346755170304,"['Affiliation', 'Positive tone']"
1.3369151002178396e+18,1336900160790667265,['Presenting facts']
1.336904600226566e+18,1336900160790667265,['Denouncing']
1.3372673070312366e+18,1337059533651369984,"['Denouncing', 'Presenting facts']"
1.337371013668102e+18,1337252310305681413,['Hostile language']
1.3373191133965391e+18,1337252310305681413,['Hostile language']
1.3389992915248207e+18,1338472810415497225,['Denouncing']
1.338686646099845e+18,1338578487196721155,['Counter question']
1.3479378078772303e+18,1347740413168406528,"['Presenting facts', 'Hostile language']"
1.3490662047454044e+18,1348975993072087047,['Presenting facts']
1.3497831616439173e+18,1349686190165917697,['Presenting facts']
1.3497632606403338e+18,1349686190165917697,['Presenting facts']
1.3509276560957727e+18,1349752341566783498,"['Pointing out hypocrisy or contradiction', 'Presenting facts']"
1.3505214714504271e+18,1349774216829300736,"['Denouncing', 'Humor and sarcasm']"
1.354353690270863e+18,1354336530098053121,"['Denouncing', 'Presenting facts']"
1.3544843641685852e+18,1354429708650295300,['Presenting facts']
1.3544314759874765e+18,1354429708650295300,"['Presenting facts', 'Affiliation']"
1.3587152911785697e+18,1358680058773315584,['Denouncing']
1.3593680515279995e+18,1359150260732403712,['Denouncing']
1.3592930685460849e+18,1359150260732403712,['Presenting facts']
1.3592628461319496e+18,1359150260732403712,['Presenting facts']
1.3592475100159427e+18,1359150260732403712,"['Pointing out hypocrisy or contradiction', 'Presenting facts']"
1.359216405225341e+18,1359150260732403712,['Hostile language']
1.3591525156742103e+18,1359150260732403712,['Presenting facts']
1.3621298820886364e+18,1362092255687933957,['Presenting facts']
1.3621118602465403e+18,1362092255687933957,"['Pointing out hypocrisy or contradiction', 'Presenting facts']"
1.419092132577616e+18,1362369572674895872,"['Denouncing', 'Hostile language']"
1.363492590096687e+18,1363476187050356740,"['Denouncing', 'Warning of consequences']"
1.36510113113591e+18,1365023157577412609,['Humor and sarcasm']
1.3718363481607455e+18,1371831459665879041,"['Humor and sarcasm', 'Hostile language']"
1.3726474261804483e+18,1372642527245971461,['Presenting facts']
1.3761249992249344e+18,1376094912077254656,['Presenting facts']
1.3763423528144364e+18,1376293167549530114,['Presenting facts']
1.3766593742702592e+18,1376534635618963459,['Presenting facts']
1.3765457058384115e+18,1376534635618963459,['Denouncing']
1.3765359304173773e+18,1376534635618963459,['Humor and sarcasm']
1.3769182378798858e+18,1376905470737272848,['Affiliation']
1.377301333804454e+18,1376963221257662466,['Presenting facts']
1.3773283734840975e+18,1377328373484097540,['Presenting facts']
1.3884731397729894e+18,1388472494982565890,['Denouncing']
1.3886212217600983e+18,1388547748446801920,['Presenting facts']
1.3893218083948667e+18,1389192045177327622,['Humor and sarcasm']
1.389435393553191e+18,1389348350911201280,"['Pointing out hypocrisy or contradiction', 'Hostile language']"
1.389532043449561e+18,1389357435442315265,['Denouncing']
1.3894449121107845e+18,1389357435442315265,['Denouncing']
1.3893615974376817e+18,1389357435442315265,"['Denouncing', 'Humor and sarcasm']"
1.392215356131922e+18,1392201245633490944,['Hostile language']
1.39244231500075e+18,1392275429570990084,['Presenting facts']
1.3924952621578609e+18,1392336507499728901,['Presenting facts']
1.3923961647297372e+18,1392393031572103169,['Pointing out hypocrisy or contradiction']
1.4071942589105848e+18,1392913965760450562,['Presenting facts']
1.3941769210977608e+18,1394176921097760770,['Presenting facts']
1.396137040551432e+18,1396124430569545728,['Hostile language']
1.421452757278597e+18,1399568876099325954,"['Warning of consequences', 'Hostile language']"
1.3997204678171075e+18,1399662872905531392,['Hostile language']
1.408388466585518e+18,1408359733992595457,"['Pointing out hypocrisy or contradiction', 'Humor and sarcasm']"
1.40981775921562e+18,1409803276904660993,['Denouncing']
1.4109662251783537e+18,1410963099926990849,['Denouncing']
1.410965939609211e+18,1410963099926990849,['Presenting facts']
1.4109646558585446e+18,1410963099926990849,['Pointing out hypocrisy or contradiction']
1.4115451729035343e+18,1411545172903534595,['Pointing out hypocrisy or contradiction']
1.4120698584648947e+18,1412068692876275718,['Presenting facts']
1.4125815358368727e+18,1412559319577501697,['Denouncing']
1.4125667244534702e+18,1412559319577501697,['Hostile language']
1.4125629971977623e+18,1412559319577501697,['Presenting facts']
